train_loss,train_r2,train_mape,val_loss,val_r2,val_mape
26939.64090401786,-6.1295857429504395,96.64605,25704.987413194445,-6.269224166870117,96.61006
26425.770042782737,-6.088281631469727,96.28894,25553.356879340277,-6.226750373840332,96.24944
26268.310283358136,-6.050675868988037,95.962875,25415.223198784723,-6.188047885894775,95.9197
