train_loss,train_r2,train_mape,val_loss,val_r2,val_mape
26749.995225694445,-6.099843502044678,96.38868,25595.673285590277,-6.238619327545166,96.35029
26329.597098214286,-6.061018943786621,96.05255,25453.121527777777,-6.198672294616699,96.01027
