train_loss,train_r2,train_mape,val_loss,val_r2,val_mape
26918.81355406746,-6.138460636138916,96.722565,25738.036783854168,-6.278538703918457,96.68934
26470.337270585318,-6.101047992706299,96.39957,25600.40115017361,-6.239946365356445,96.3618
26318.81939794147,-6.064348220825195,96.0816,25465.61794704861,-6.202178001403809,96.04015
